id,1991,1992,1993,1994,1995,1996,1997,1998,1999,2000,2001,2002,2003,2004,2005,2006,2007,2008,2009,2010,2011,2012,2013,2014,2015,2016
AFG,,,,,,,,,,,2461665938,4128820723,4583644246,5285465686,6275073572,7057598407,9843842455,10190529882,12486943506,15936800636,17930239400,20536542737,20046334304,20050189882,19702986341,19469022208
ALB,1139166646,709452584,1228071038,1985673798,2424499009,3314898292,2359903108,2707123772,3414760915,3632043908,4060758804,4435078648,5746945913,7314865176,8158548717,8992642349,10701011897,12881352688,12044212904,11926953259,12890867539,12319784787,12781029644,13219857459,11390365294,11926892453
DZA,45715367087,48003298223,49946455211,42542571306,41764052458,46941496780,48177862502,48187747529,48640574567,54790245601,54744714396,56760288974,67863829880,85324998814,103198228459,117027304747,134977087734,171000691878,137211039898,161207268655,200013051408,209047389309,209783503258,213983107816,164779467703,156079606663
ASM,,,,,,,,,,,,514000000,527000000,512000000,503000000,496000000,520000000,563000000,678000000,576000000,574000000,644000000,639000000,638000000,641000000,
AND,1106928583,1210013652,1007025755,1017549124,1178738991,1223945357,1180597273,1211932398,1239876305,1401695228,1484017897,1717485413,2373927765,2916786690,3248215396,3536632794,4010990966,4001201113,3650083356,3346516556,3427022519,3146151869,3248924588,,,
AGO,12118610904,5684291719,5278182971,4059352153,5039552482,7526446606,7648377413,6445041825,6152922943,9129594819,8936063723,12497346670,14188949191,19640848729,28233712831,41789478661,60448921272,84178032716,75492384801,82470913121,104115923083,115398371428,124912063308,126776874217,102962245247,89633156470
ATG,481706333,499281148,535172778,589429593,577280741,633730630,680617111,727860593,766198926,825405519,795976519,809754481,850218593,913710370,1014979667,1149025481,1302388926,1359733556,1217719667,1147942222,1141865444,1216045778,1195885111,1274330333,1355645889,1449160185
ARG,189719984268,228788617202,236741715015,257440000000,258031750000,272149750000,292859000000,298948250000,283523000000,284203750000,268696750000,97724004252,127586973492,164657930453,198737095012,232557260817,287530508431,361558037110,332976484578,423627422092,530163281575,545982375701,552025140252,526319673732,584711485367,545866164478
ARM,2068526522,1272577522,1201313196,1315158670,1468317350,1596968913,1639492424,1893726437,1845482181,1911563665,2118467913,2376335048,2807061009,3576615240,4900469515,6384451606,9206301700,11662040714,8647936748,9260284938,10142111334,10619320049,11121465767,11609512940,10529182498,10547331235
ABW,,,,1330167598,1320670391,1379888268,1531843575,1665363128,1722798883,1873452514,1920262570,1941094972,2021301676,2228279330,2331005587,2421474860,2623726257,2791960894,2498932961,2467703911,2584463687,,,,,
AUS,326068597441,325692532493,312372821810,323216879972,368391743392,401819423369,436097980905,399778878112,389146509588,415446209885,378899860470,394635830892,466853232382,613329776640,693764095625,747572626535,853764622753,1055334825425,927168311000,1142876772659,1390557034408,1538194473087,1567178619062,1459597906913,1345383143356,1204616439828
AUT,173375508073,194608183696,189921096652,203044926876,240457622492,236720496491,212323463750,217683626056,216725261027,196421706283,196953628635,212970685112,260721478555,299857238639,314648986444,334309371472,386458951547,427611527757,397594276188,390211866490,429037361514,407451583084,428248420485,438376178526,376967406148,386427793787
AZE,8792365811,4991350458,3973027397,3313739674,3052467522,3176749593,3962710163,4446396218,4581222442,5272617196,5707720391,6235795104,7276013032,8680472169,13245716099,20983019924,33050343783,48852482960,44291490421,52902703376,65951627200,69684317719,74164435946,75244166773,53074370486,37847715736
BHS,3111160000,3109000000,3092000000,3259000000,3429000000,3609000000,4961119000,5353524000,6019972000,6327552000,6516651000,6957996000,6949317000,7094413000,7706222000,7965588000,8318996000,8247000000,7820000000,7910000000,7890000000,8399000000,8522000000,8618000000,8854000000,9047000000
BHR,4616223404,4751063830,5200265957,5567553457,5849467819,6101861436,6349202394,6183776596,6621010372,9062906915,8976207713,9632155053,11074822074,13150166755,15968726862,18505053191,21730000000,25710877660,22938218085,25713271277,29157446809,30749308511,32898670213,33387712766,31125851064,31858510638
BGD,30957483291,31708873955,33166520085,33768662171,37939748051,46438482370,48244308275,49984559471,51270569884,53369787319,53991289844,54724081491,60158929188,65108544250,69442943089,71819083684,79611888213,91631278239,102477791472,115279077465,128637938711,133355749482,149990451022,172885454931,195078561219,221415280326
BRB,2020744654,1957168344,2063267996,2151285060,2261996995,2411846465,2549260575,2874413287,3012021852,3121619808,3116632413,3169612598,3274856571,3514370691,3897467234,4303275572,4546115388,4595264650,4601250000,4446800000,4358900000,4332150000,4371200000,4352700000,4421800000,4587550000
BLR,17420000000,17120370370,16286280992,14932192011,13972630804,14756861538,14128412417,15222014828,12138485329,12736856828,12354820144,14594925393,17825436035,23141587718,30210091837,36961821894,45275747861,60752177439,49208656976,57231904543,61762341357,65685903833,75527537703,78813049850,56454775871,47433442293
BEL,211638016539,236038607528,225924893540,246195171329,289567597154,281357654723,254813937754,260602356079,260202429150,237904919845,237841610738,258860342556,319003386005,370885274398,387365999254,409813072387,471821790309,518626043650,484552653515,483548693409,527008036847,497884088083,520117140495,531750903175,454991318728,466365727354
BLZ,444720750,518239100,559858250,580863700,620140400,641383800,654314350,688992450,732732350,832072450,871860600,932551850,990374050,1057845500,1114222550,1217467600,1290573400,1368625150,1336957250,1397113450,1486712300,1573618750,1613705850,1706497950,1742545900,1765256400
BEN,1986437860,1695315306,2274557914,1598075932,2169627251,2361116588,2268301538,2455092582,2689787918,2569186643,2680213931,3054571082,3905366188,4521424807,4803702821,5142380779,5969535132,7132787397,7097198712,6970240895,7814081156,8152554487,9156748441,9707432016,8290986804,8583031398
BMU,1634899968,1679900032,1820359936,1867160064,2030749952,2695390000,2932827000,3130748000,3324433000,3480219000,3680483000,3937228000,4186525000,4484703000,4868136000,5414299000,5895048000,6109928000,5806378000,5744414000,5550771000,5537537000,5573710000,,,
BTN,250045840,250794360,235239570,270801565,303053463,316420861,365964500,376955087,419035810,439158233,476360697,537050134,622026108,702682019,818869145,897731525,1196091805,1258332337,1264758198,1585472534,1820207626,1823692110,1798333726,1958819915,2057947621,2236933238
BOL,5343274312,5643893347,5734676561,5981244887,6715220507,7396966657,7925673448,8497545598,8285075872,8397912509,8141537938,7905485216,8082364868,8773451739,9549077869,11451869165,13120159976,16674324634,17339992165,19649631308,23963033444,27084497540,30659338929,32996187988,33000198263,33806395514
BIH,,,,1255802469,1866572954,2786045322,3671816504,4116699437,4685729739,5505984456,5748990666,6651226179,8370020196,10022840635,11225138297,12866524918,15776422673,19101454464,17600630727,17164279813,18629346791,17207367626,18154290272,18521475376,16173806635,16559695719
BWA,3942792837,4146513722,4160086253,4259330999,4730611067,4847752843,5020214747,4790458837,5484257417,5788329609,5489608300,5438857107,7511582173,8957467707,9931134941,10126940513,10939053367,10945070442,10267133178,12786654366,15682926890,14686278714,14915780533,16259445050,14430608463,15274861068
BRA,602860000000,400599250000,437798577640,558111997497,785643456467,850425828276,883199443414,863723395088,599388879705,655421153321,559372502338,507962741820,558320116997,669316239316,891629970424,1107640325472,1397084381901,1695824517396,1667019605882,2208871646203,2616201578192,2465188674415,2472806919902,2455993200170,1803652649614,1796186586414
VGB,,,,,,,,,,,,,,,,,,,,,,,,,,
BRN,3701667053,4183548189,4105706152,4087337960,4734020037,5115602837,5197332974,4051147228,4600000000,6001153306,5601090584,5843329108,6557333085,7872333215,9531402848,11470703002,12247694247,14393099069,10732366286,13707370737,18525319978,19048495519,18093829923,17123125493,12930394938,11400266877
BGR,10943548387,10350515464,10829710145,9697416974,13063422619,10109404160,11195630537,14630974778,13495062850,13148099185,14135393876,16360346654,21074775206,26094622564,29821662537,34304448150,44765733380,54666642734,51783454184,50610031136,57418391042,53903028252,55758744571,56732006512,50199117547,52395164027
BFA,3135045684,2240264712,2332018011,1895290965,2379518099,2586550747,2447669404,2804902724,2993753187,2628920056,2812845514,3205592290,4205691222,4838551100,5462709498,5844669846,6771277871,8369637065,8369175126,8979966766,10724061339,11166061508,11934606510,12400688571,11148759325,12115155932
BDI,1167398478,1083037671,938632612,925030590,1000428394,869033856,972896268,893770806,808077223,870486066,876794723,825394490,784654424,915257323,1117257279,1273180597,1356078278,1611634332,1739781489,2026864469,2355652126,2472384907,2714505635,3093647227,3097324740,3007029030
CPV,319827059,357160985,490417390,406580652,487148994,501979069,490608658,521910561,592416703,539227278,563024383,620974660,813963830,924318491,971977088,1107891063,1513934037,1789333749,1711817182,1664310770,1864824081,1751888562,1850951315,1858121723,1574288668,1617467436
KHM,,,2533727592,2791435272,3441205693,3506695720,3443413389,3120425503,3517242477,3654031716,3984000517,4284028483,4658246918,5337833248,6293046162,7274595707,8639235842,10351914093,10401851851,11242275199,12829541141,14038383450,15449630419,16777820333,18049954289,20016747754
CMR,12434370005,11396310990,13532137228,9220470913,8733231184,9732328116,9840553236,9629649417,10486451144,9287367235,9633109350,10879778384,13621738837,15775357015,16587858857,17953066721,20431780378,23322254114,23381142147,23622483984,26587311528,26472056038,29567504655,32050817633,28415950981,24204448567
CAN,610328183643,592387689253,577170761956,578139279438,604031623433,628546387972,652825364726,631813279407,676082654641,742293448253,736379777893,757950678647,892380986368,1023196003075,1169357979865,1315415197461,1464977190206,1549131208997,1371153004986,1613464422811,1788647906048,1824288757448,1842628005830,1792883225804,1552807652015,1529760492201
CYM,,,,,,1012444074,,,,,,,,,,3207032513,,,,,,,,,,
CAF,1377375031,1411917558,1278781167,851174351,1115389732,1007791186,937741468,967338349,999477511,914500299,931833303,991387870,1139754799,1270080251,1350301057,1460562038,1698125618,1985239277,1981728141,1986014846,2212699747,2184183758,1518565219,1702898940,1583776760,1756124677
TCD,1877138042,1881847677,1463251055,1179837955,1445919970,1607345450,1544689503,1744794457,1534673583,1385058162,1709347793,1987622279,2736666516,4414929220,6646663561,7422102656,8638711443,10351932604,9253484108,10657705536,12156380425,12368071039,12949854263,13922223234,10888798114,9600761474
CHL,37834793730,45964327559,49297773130,57008425296,73447063319,78039572222,84952360922,81577430181,75173794497,77860932152,70979923960,69736811435,75643459840,99210392858,122964812046,154788024806,173605968179,179638496279,172389498445,218537551220,252251992029,267122320057,278384332694,260990299051,242517905162,247027912574
CHN,383372822300,426915227630,444730903968,564325246267,734548001964,863746361646,961603416246,1029043011922,1093997559885,1211346395439,1339395440432,1470549716081,1660287543796,1955347477286,2285965854313,2752132089197,3552182714427,4598205419719,5109954035776,6100620356557,7572554360443,8560546868812,9607224248685,10482371325325,11064664793256,11199145157649
COL,41239551378,49279585355,55802538219,81703500846,92507279383,97160109278,106659508271,98443739941,86186158685,99886577331,98203546156,97933391976,94684584163,117074863822,146566264837,162590146096,207416494642,243982437871,233821670544,287018184638,335415156702,369659700376,380191881860,378195716714,291519591533,282462548889
COM,246823429,266191040,263568114,185761823,231896230,230495751,212099635,215394066,222580454,203846428,220093812,246737679,317562269,368143119,380372893,406111874,462453583,523134897,524157261,530493353,586281767,570865941,618663922,647720707,565689765,616654490
COD,9087965282,8206227134,10707792340,5820383306,5643439262,5771454940,6090840548,6215591270,4711259427,19088046306,7438189100,8728038525,8937567060,10297483481,11964484668,14296507096,16364029327,19206060270,18262773821,20523285374,23849009738,27463220380,30014813756,34028119333,36188521107,34998638634
COG,2724853508,2933222706,1918970178,1769365439,2116003868,2540697538,2322719101,1949481381,2353909442,3219910666,2794259783,3019993739,3495868808,4648628921,6087003176,7731261311,8394688284,11859014004,9593536531,12007880590,14425607224,13677930124,14085852120,14177437627,8553154506,7833509443
CRI,7168999428,8528593084,9537297507,10432619390,11513472694,11618286553,12552071367,13617405420,14195623425,14949514585,15913363335,16504795453,17195867540,18529767934,19952156475,22600431878,26743874287,30612932803,30562361123,37268635287,42262697840,46473128286,49745088112,50656002896,54840103850,57435507212
CIV,10492628915,11152971316,11045759469,8313557450,11000146839,12139234939,11722142706,12612033729,12376639823,10717022463,11192560827,12346919216,15306602560,16554441847,17084928927,17800887796,20343635320,24224903100,24277493862,24884505035,25381616734,27040562587,31273049200,35372603446,32828516580,36164644633
HRV,,,,,22387561845,23678012697,23822087053,25432144406,23386945597,21774273832,23289671102,26878499206,34658113497,41574530816,45416076681,50453577898,60093155533,70481451814,62703095751,59665427465,62236751773,56485301967,57769872075,57080369368,48676334689,50425333970
CUB,24316556026,22085858243,22367254865,28448326757,30429803651,25017300000,25366200000,25736331247,28364615242,30565400000,31682400000,33590500000,35901200000,38203000000,42643836075,52742800000,58603900000,60806300000,62080000000,64328000000,68990000000,73141000000,77148000000,80656100000,87132800000,
CUW,,,,,,,,,,,,,,,,,,,,,,,,,,
CYP,5770197348,6912150456,6590291048,7425703929,9826778784,9899623588,9594298746,10353506787,10614455232,10183317625,10567304189,11618269231,14576896942,17422375000,18703146375,20403713461,24077470572,27839460964,25942622951,25562251656,27427161523,25012206090,24054965481,23308212817,19559942331,19801664168
CZE,29557058174,34451993226,40452245779,47364869196,59537113791,66775046785,61621364981,66372594575,64719461255,61474265135,67375623427,81696651659,99300329682,118976023160,135990215967,155213006072,188818155388,235204812643,205729790694,207016402026,227948349666,207376427021,209402444996,207818330724,185156359571,192924593987
DNK,139224732275,152915624327,143195607582,156162311732,185006961302,187632400366,173537588008,176992000955,177965224621,164158800460,164791416350,178635160297,218095997085,251373036671,264467308109,282884912894,319423370134,353361056080,321241396034,321995350347,344003209696,327148899962,343584385594,352296969841,301307828844,306142937248
DJI,462421999,478058305,466048469,491689221,497723961,494004648,502675542,514267869,536080148,551230862,572417441,591122040,622044666,666072102,708633195,768873684,847918929,999105339,1049110685,1128611700,1239144502,1353632942,1455000000,1588000000,1727000000,
DMA,180437037,191759259,200418519,215459259,224037037,236444444,245781481,258440741,267740741,335845815,343119370,337695741,350091222,374771481,370370370,390370370,421375852,458190185,489074333,493824407,500988407,485905593,508447148,528178704,517218963,525424630
DOM,9724402004,11277676880,12976408000,14511134921,16358496124,18131813001,19593869595,21171523985,21709726722,23996063503,24892521237,26571620979,21277165886,22039232610,34004033804,35952845583,44169678153,48288967303,48376555306,53954579004,57746684847,60613645121,61965942057,65231032303,68102618092,71583553488
ECU,16988535268,18094238119,18938717359,22708673337,24432884442,25226393197,28162053027,27981896948,19645272636,18327764882,24468324000,28548945000,32432859000,36591661000,41507085000,46802044000,51007777000,61762635000,62519686000,69555367000,79276664000,87924544000,95129659000,102292260000,100176808000,97802211000
EGY,36970555899,41855986519,46578631453,51897983393,60159245060,67629716981,78436578171,84828807556,90710704807,99838543960,97632008710,87850683979,82924503943,78845185293,89685725230,107484034871,130478960092,162818181818,188982374701,218888324505,236001858960,279372758362,288586231502,305529656458,332698041031,336296921759
SLV,5311000000,5954700000,6938000000,8085600000,9500500000,10315500000,11134700000,12008400000,12464700000,13134100000,13812700000,14306700000,15046700000,15798300000,17093800000,18550700000,20104900000,21430950000,20661030000,21418330000,23139040000,23813600000,24350930000,25054230000,26052340000,26797470000
GNQ,110906032,134707184,136047896,100807002,141853368,232463036,442337849,370687619,621117886,1045998496,1461139022,1806742742,2484745935,4410764339,8217369093,10086528699,13071718759,19749893536,15027795173,16298542028,21329395901,22389627294,21942597765,21461989483,12162117377,10178967206
ERI,,477101652,467872715,531688312,578015625,693535954,686490090,745526155,688921326,706370816,752368496,729321367,870247703,1109054005,1098425901,1211161880,1317974491,1380188800,1856695551,2117039512,2607739837,,,,,
EST,,,,,4373665146,4746109767,5066240419,5617109245,5726897998,5685774809,6245069734,7322069511,9833870709,12059201242,14006088297,16963625016,22237061730,24194039256,19652492637,19490936349,23170239901,23043864510,25081185831,26213940387,22460470490,23136741984
ETH,13463868357,10492993078,8830712714,6927950565,7663984568,8547939731,8589211390,7818224906,7700833482,8242392104,8231326016,7850809498,8623691300,10131187261,12401139454,15280861835,19707616773,27066912635,32437389116,29933790334,31952763089,43310721414,47648211133,55612228234,64464423675,72374252815
FRO,,,,,,,,1105688873,1125684470,1062339944,1154899793,1268445919,1486861879,1683997930,1730891409,1970142378,2278229533,2413237402,2257097732,2301178416,2468748768,2356505419,2613458942,,,
FJI,1383843860,1531803061,1635426125,1825285158,1970347721,2129266728,2093994597,1656784780,1942170999,1684109743,1660102346,1842691481,2315935753,2727507213,3006725015,3102741451,3405050612,3523185920,2870624636,3140508836,3774530616,3972012571,4190143206,4469810099,4391064781,4631626234
FIN,127866490222,112625431378,89255751015,103321570859,134199346405,132099404608,126833123354,133936359591,135225868315,125539893127,129250111857,139552983249,171071106095,196768065557,204436015421,216552502823,255384615385,283742493042,251499027508,247799815768,273674236773,256706466091,269980111643,272609288690,232361689855,236785046711
FRA,1275563306592,1408724907063,1330094973361,1401636342155,1609892232882,1614245416079,1460709148123,1510758283300,1500275942894,1368438363737,1382218344519,1500337850555,1848124153499,2124112242364,2203678646934,2325011918203,2663112510266,2923465651091,2693827452070,2646837111795,2862680142625,2681416108537,2808511203185,2849305322685,2433562015516,2465453975282
PYF,3267367610,3558215110,3694600400,3522272321,3982374846,3954696874,3567062512,3775160797,3797016069,3447543138,,,,,,,,,,,,,,,,
GAB,5402919957,5592390849,4378645081,4190819314,4958845906,5694040337,5326816859,4483417120,4662992036,5067865321,5018874179,5310381151,6497305662,7756293575,9458884812,10154041930,12438956756,15508574820,12065138273,14358584300,18186478120,17171447372,17590716232,18179717776,14262032471,14213558130
GMB,690314321,714255461,755042548,746491693,785996982,848237109,803630743,840285265,814723460,782915402,687408805,578236035,487038822,578785279,624174724,655068696,798870894,965769128,900639748,952429030,904256643,912569687,903779326,849122625,938794719,964599178
GEO,6357615894,3690328964,2701181331,2513870587,2693731866,3094915506,3510540809,3613500117,2800024314,3057453483,3219487825,3395778674,3991374549,5125273881,6410941013,7745406201,10172869680,12795044473,10766809099,11638536834,14434619982,15846474596,16140047012,16509305828,13993546732,14332880086
DEU,1861873895109,2123130870382,2068555542411,2205966011812,2591620035485,2503665193657,2218689375141,2243225519618,2199957383337,1949953934034,1950648769575,2079136081310,2505733634312,2819245095605,2861410272354,3002446368084,3439953462907,3752365607148,3418005001389,3417094562649,3757698281118,3543983909148,3752513503278,3879276587199,3363599907530,3466756880461
GHA,6596546196,6413901602,5966255778,5444560669,6465137615,6934984709,6891308594,7480968858,7719354839,4983024408,5314909954,6166330136,7632406553,8881368538,10731634117,20409257610,24758819718,28526891010,25977847814,32174772956,39566292433,41939728979,47805069495,38616536132,37543361204,42689783734
GIB,,,,,,,,,,,,,,,,,,,,,,,,,,
GRC,105143232380,116224673043,108809058859,116601802107,136878366230,145861612826,143157600025,144428172835,142540728958,130133845771,136191353468,153830947017,201924270316,240521260988,247783001865,273317737047,318497936901,354460802549,330000252153,299361576558,287797822093,245670666639,239862011450,236079774688,194860187692,194558651276
GRL,1016493395,1037921837,927219729,1005879948,1208946166,1197509787,1072147778,1149862703,1131561595,1068030830,1086172923,1169138789,1407866175,1621822370,1656172356,1818759669,2049139372,2310743218,2324870824,2306502374,2515245776,2408666379,2483396542,2551126949,2220380802,
GRD,300757900,310160456,309812193,325111808,342172524,366911440,392190586,445903599,482009371,520044370,520444185,540336926,591018407,599118593,695370296,698518519,758518519,825925926,771278111,771015889,778648667,799882148,842571333,911481481,984074074,1016208195
GUM,,,,,,,,,,,,3385000000,3560000000,3857000000,4197000000,4213000000,4375000000,4621000000,4781000000,4895000000,4928000000,5199000000,5364000000,5566000000,5734000000,
GTM,9406097735,10440842165,11399942453,12983235568,14655487456,15674852771,17790095901,19395461990,18318512501,19288926545,18702802395,20776669467,21917706491,23965275996,27211377225,30231249362,34113107086,39136893345,37733994976,41338595381,47654841113,50388454861,53851058955,58722323918,63767597194,68763255964
GIN,3014890569,3284625277,3279063318,3383218923,3693753379,3869032271,3783788551,3588376057,3461282294,2995360969,2833442750,2949637039,3446442219,3666349049,2937071767,2931625105,4134173275,4515824647,4609923756,4735956493,5067360009,5667229759,6231725485,6624068016,6699203543,6298927773
GNB,257150573,226313493,236880814,235619995,253966920,270419779,268551011,206457553,224446652,370173852,392278168,415843482,476388261,531109356,586791884,591829908,695606289,864136713,825828704,846332456,1105497855,995582062,1026664189,1109007300,1056776897,1126122708
GUY,336708419,368281379,442273433,540874934,621626786,705406001,749138010,717530683,694754988,712667897,696281472,722460886,741929343,785918770,824880550,1458446872,1740334782,1922598121,2025565089,2259288396,2576602497,2851154076,2990006534,3077086276,3179104116,3446266344
HTI,3473562850,2257129874,1878253818,2167569095,2813313282,2907517543,3338949152,3723903724,4153725967,3953839594,3596448035,3472194099,2960306121,3537721020,4310356253,4756204070,5885321656,6548530572,6584649419,6622541529,7516834160,7890216508,8452509316,8776360623,8724656126,8022638722
HND,3068444712,3419487441,3481990761,3432356579,3911053180,4034037162,4663193916,5202215657,5372543554,7103529494,7565869928,7775078403,8140271081,8772194250,9672035709,10841742348,12275501784,13789715133,14587496229,15839344592,17710275997,18528554861,18499729063,19756533658,20844308601,21516915353
HKG,88959620136,104272278635,120353947981,135812069769,144652912433,159717233622,177352785420,168886163222,165768095392,171668164083,169403241524,166349228737,161384522525,169099768875,181570082162,193536265094,211597405594,219279678430,214046415026,228637697575,248513617677,262629441493,275696879835,291459356985,309403880389,320912235499
HUN,34650782427,38616036222,40006243368,43039008830,46288369007,46538169512,47178241569,48661666395,49074725338,47209471853,53696730224,67561285379,85050281601,103694527827,112589039620,114801188269,139198195461,157290970541,129965360576,130255637531,140091591853,127321135030,134680475648,139294565101,121715203208,124342940194
ISL,6966138526,7138787995,6269347503,6441621298,7181787874,7501950116,7596126046,8468339856,8931365461,8946079678,8146073990,9199643908,11304084267,13703315349,16691213479,17043245939,21295012099,17640375722,12887072301,13254818331,14674650435,14218575093,15479256845,17178962757,16783714958,20047413006
IND,266502281094,284363884080,275570363432,322909902309,355475984177,387656017799,410320300470,415730874171,452699998387,462146799338,478965491061,508068952066,599592902016,699688852930,808901077223,920316529730,1201111768410,1186952757636,1323940295874,1656617073125,1823049927772,1827637859136,1856722121394,2035393459980,2111751098185,2263522518124
IDN,116621996217,128026966580,158006700302,176892143932,202132028723,227369679375,215748998610,95445547873,140001351215,165021012078,160446947785,195660611165,234772463824,256836875295,285868618224,364570514305,432216737775,510228635279,539580088908,755094160363,892969107923,917869910106,912524136718,890814755233,861256351277,932259177765
IRN,,,63743623232,71841461173,96419225744,120403931885,113919163421,110276913363,113848450088,109591707802,126878750296,128626917504,153544751395,183697185042,219845971945,258645743978,337474485087,397189565319,398978104575,467790215915,592037800187,587209369683,511620875087,425326068423,393436064442,
IRQ,,,,,,,,,,,,,,36627901762,49954890353,65140293688,88840050497,131613661510,111660855043,138516722650,185749664444,218000986223,234648370497,234648370497,179640210726,171489001692
IRL,49836763468,55973865068,52469340621,57154150177,69208232323,75864982359,82816774117,90111618257,98781557639,99855067256,109119123043,127941699605,164285609481,193870908865,211684827758,232167519759,270043019436,274919027391,235765976660,221343483669,240590736123,225819189161,239271158533,256271345443,283716006698,294053595686
IMN,,,,,914727081,1023086919,1180919719,1382548250,1567465657,1563667800,1614595291,1897606791,2264911807,2758117365,2971167185,3344402193,5685988395,5827468750,5047909332,5420118974,6066454094,6433357030,6754330155,7428280402,,
ISR,59170286560,65771216421,65925583866,74669719505,99968784246,109774101576,114543978663,115838004263,117212358383,132396684080,130751599020,121092701254,126749741991,135418563141,142837533703,154511423313,179564275456,216760312152,208068814689,233754747259,261374751963,257641795690,293314777889,308769389866,299415714727,318743685882
ITA,1242109402060,1315806990573,1061445229482,1095590837536,1170787357066,1308929305685,1239050936221,1266309223821,1248563148945,1141760021927,1162317840447,1266510668643,1569649631716,1798314755525,1852661936078,1942633841802,2203053327128,2390729210488,2185160158794,2125058270202,2276292459233,2072823111961,2130491269673,2151732834412,1824902219022,1849970464192
JAM,4071219198,3530892749,4859766161,4907861406,5779285208,6504445801,7450324787,8718300136,8795765306,8929375580,9087918837,9694161516,9399452788,10150978155,11204416000,11905525197,12824094990,13678551838,12038998757,13192229343,14440457549,14802430173,14276559216,13897561173,14261995114,14027151473
JPN,3578139437172,3897826229663,4466565327401,4907039384470,5449116304981,4833712542207,4414732843544,4032509760873,4562078822335,4887519660745,4303544259843,4115116279070,4445658071222,4815148854362,4755410630912,4530377224970,4515264514431,5037908465114,5231382674594,5700098114744,6157459594824,6203213121334,5155717056271,4848733415524,4383076298082,4939383909875
JOR,4344250257,5311329067,5605841536,6237739516,6727446632,6928359238,7246188575,7912327362,8149106065,8460424401,8975689845,9582453032,10195660790,11411390409,12588665303,15056929760,17110587447,21972004086,23820230000,26425379437,28840263380,30937277606,33593843662,35826925775,37517410282,38654727746
KAZ,24881135586,24906939560,23409027476,21250839258,20374307047,21035357833,22165932063,22135245413,16870817135,18291990619,22152689130,24636598581,30833692831,43151647003,57123671734,81003884545,104849886826,133441612247,115308661143,148047348241,192626507972,207998568866,236634552078,221415572820,184388432149,133657084405
KEN,8151479004,8209129172,5751789915,7148145376,9046326060,12045858436,13115773738,14093998844,12896013577,12705357103,12986007426,13147743911,14904517650,16095337094,18737897745,25825524821,31958195182,35895153328,37021512049,39999659234,41953433591,50412754822,55097343448,61445345999,63767539357,70529014778
KIR,47515189,47737955,46919625,54832578,56338028,66515377,67537480,65334841,69032258,67254174,63101272,72196458,90231857,102367039,112133944,108545633,130754916,139125482,130465372,153275913,177142135,188045662,187153601,186066973,160121929,165765016
PRK,,,,,,,,,,,,,,,,,,,,,,,,,,
KOR,325734233313,350051111253,386302839274,455602962225,556130926913,598099073901,557503074772,374241351752,485248229337,561633125840,533052076314,609020054512,680520724062,764880644711,898137194716,1011797457139,1122679154632,1002219052968,901934953365,1094499338703,1202463682634,1222807284485,1305604981272,1411333926201,1382764027114,1411245589977
XKX,,,,,,,,,,1849196082,2535333632,2702427047,3355083117,3639935348,3736599925,4078158324,4833561456,5687488209,5653792720,5829933775,6649291076,6473724785,7072092406,7386891336,6440501275,6649888889
KWT,11008793176,19858555215,23941391391,24848483838,27191689008,31493987642,30354434553,25941929462,30121879435,37711864407,34890772742,38137545245,47875838926,59440108585,80797945205,101550654721,114641097818,147395833333,105899930507,115419050942,154027536232,174070025009,174161495063,162631763879,114041209704,
KGZ,2570833333,2316562500,2028295455,1681006993,1661018519,1827570586,1767864036,1645963750,1249062025,1369693171,1525112242,1605640633,1919012781,2211535312,2460248026,2834168889,3802566171,5139957785,4690062255,4794357795,6197766119,6605139933,7335027592,7468096567,6678178340,6551287938
LAO,1028087972,1127806945,1327748655,1543606345,1763536305,1873671550,1747011857,1280177839,1454430642,1731198022,1768619058,1758176653,2023324407,2366398120,2735558726,3452882514,4222962988,5443915121,5832915387,7127792630,8261299200,10191367558,11942157500,13268297522,14390323462,15903437790
LVA,,,,,5788368511,5970044666,6525676264,7174985107,7533187605,7937758980,8350252966,9546441564,11748433157,14373269156,16922504045,21447021570,30901399261,35596016664,26169854045,23757368290,28223552825,28119996053,30254571078,31352249350,27026037600,27677391316
LBN,4451497288,5545921947,7535259851,9599127050,11718795528,13690217333,15751867489,17247179006,17391056369,17260364842,17649751244,19152238806,20082918740,20955223881,21287562189,21796351575,24577114428,28829850746,35139635158,38009950249,40078938640,43205095854,44352417910,45730945274,47084703151,47536798648
LSO,704329193,831033946,835592816,878250453,1001889846,946123281,997996035,928458201,912771284,887295262,825706967,775780697,1157832936,1511236652,1682350942,1800105593,1820597205,1868776303,1864004707,2394097299,2791545696,2678243067,2532392022,2520952363,2335194894,2199709489
LBR,348000000,223500000,160400000,132200000,134800000,159400000,295900000,359600000,441800000,529064600,521000000,543000000,416000000,474700000,550000000,604028900,739027200,850040500,1155147400,1292697100,1545400000,1735500000,1946500000,2013000000,2034000000,2101000000
LBY,31995012469,33881392045,30657030223,28607921929,25544128199,27884615385,30698633109,27249786142,35976714101,38270206950,34110064452,20481889764,26265625000,33122307692,47334148578,54961936663,67516236338,87140405361,63028320702,74773444901,34699395524,,,,,
LIE,1484152022,1631197909,1673104494,1948118228,2428461395,2504033252,2298410391,2479721341,2664026095,2483953103,2491822707,2688630823,3070691320,3454362686,3659251526,4000239273,4601299567,5081432924,4504549214,5082366478,5739977477,5456009385,6391735894,6663501419,,
LTU,,,,,7870782261,8385109020,10120274493,11240360898,10972878636,11539211480,12252498921,14278357284,18802576988,22649930576,26125575942,30216060233,39738180077,47850551149,37440673478,37120517694,43476878139,42847900766,46473646002,48545251796,41402022148,42738875963
LUX,14321878795,16065740778,16486900187,18325791415,21588170498,21776609772,19731912494,20209122027,22235929043,21263514833,21272418792,23616328816,29557325056,34685281848,37347394603,42414308117,50888134410,55849686539,51370543206,53212476812,60004630234,56677961787,61808178300,66298060522,58048242436,59947781147
MAC,3735117374,4879018602,5625533410,6265844252,6996034037,7122539667,7211264780,6742367273,6490571704,6720492406,6811227983,7322677820,8195033162,10585624891,12092222042,14789661809,18340447243,20917444920,21475520709,28123640999,36709860068,43031577366,51552075902,55347998648,45415278647,44802641830
MKD,4694744898,2316618543,2550195043,3381270208,4449375346,4422160018,3735312143,3571043103,3673288264,3772851420,3709637830,4018365247,4946292775,5682719260,6258600714,6861222332,8336478142,9909548411,9401731496,9407168702,10494632699,9745251126,10817712139,11362272838,10051659161,10899583155
MDG,2653141959,3024459564,3370842211,2977040722,3159901232,3995028593,3545776697,3738704468,3717515283,3877673539,4529575348,4397254608,5474030080,4363934494,5039293031,5515884349,7342923489,9413002921,8550363975,8729936136,9892702358,9919780071,10601690872,10673516673,9738652322,9990653078
MWI,2203536031,1799529357,2070647127,1181801920,1397454122,2281039098,2663238983,1750585204,1775920040,1743506287,1716502862,3495748398,3208837077,3476094499,3655909664,3997852636,4432192844,5320925102,6190991712,6959697194,8003300198,6028470989,5518901971,6054750320,6373201160,5441852138
MYS,49142784405,59167157498,66894448545,74477975918,88704944179,100854996423,100005323302,72167753771,79148947368,93789736842,92783947368,100845263158,110202368421,124749736842,143534102611,162690965596,193547824063,230813597938,202257586268,255016609233,297951960784,314442825693,323276841537,338068990803,296283190373,296359118755
MDV,244468293,284853359,322326642,355884383,398988955,450382328,508223602,540096398,589239754,624337145,870179739,897031250,1043403344,1202240023,1119806500,1474698125,1745998938,2109960938,2149257813,2323401758,2449576517,2518312129,2795147950,3094197810,3435244659,3591112751
MLI,2724131545,2830673389,2818280876,2081846483,2706425298,2780422212,2697105694,2920358587,3439463140,2954129566,3465305993,3889758024,4703504467,5444474268,6245031690,6899799786,8145694632,9750822511,10181021770,10678749467,12978107561,12442747897,12813248725,14004067516,12746688962,14045098238
MLT,2750041434,3021910217,2709178327,2998570147,3439931907,3570271558,3705372039,3923637971,4127313818,4306192436,4331870648,4689832690,5456583589,6062780269,6394851387,6757119558,7880509171,8977149553,8528202278,8741059603,9500001983,9198987220,10131419449,11188785253,10287007021,10949092472
MHL,82507000,91063000,99461000,108071000,120230000,110858000,106289100,108702100,107978900,110937700,115152100,124735100,126887600,131106400,137744500,143656600,150851598,152901100,152631200,164751300,172674900,185055800,190992000,183114100,179432600,183000000
MRT,1443688870,1464392416,1249944999,1315932645,1415296704,1442598431,1401946853,1375115534,1405662879,1293654175,1295539448,1324426607,1563074860,1833444740,2184444849,3040716679,3356757497,3978425731,3670515696,4343665120,5179689614,5225532807,5724227536,5391475878,4844223518,4634588338
MUS,2856890681,3224267548,3263368410,3558137040,4040345933,4421943910,4187367602,4169664285,4291172816,4582555125,4536538211,4767303154,5609831328,6385695187,6283803256,7028803366,8150138757,9990370016,9128843109,10003670690,11518393367,11668685524,12129642296,12803445934,11681761261,12164207330
MEX,314453890803,363609256196,503962832199,527318753518,343792792161,397404140458,480554644188,502010250657,579459682649,683647965227,724703603502,741559509631,713284231625,770267585947,866345821213,965281191372,1043471321169,1101275278669,894948748437,1051128603514,1171187519661,1186598324462,1261981728469,1298398654279,1151037122909,1045998068645
FSM,166200000,178100000,198400000,202500000,222103600,218845700,206900300,219646200,220660500,233226300,240051900,241543400,244991000,239563300,249845600,252991200,255890800,261339600,277510900,294117200,310287500,325835200,315725600,318072000,314971100,322000000
MDA,,,,,1752975841,1695130457,1930071407,1639497207,1170785048,1288429151,1480656884,1661818168,1980901554,2598231467,2988338439,3408272498,4401154128,6054806101,5439422031,5811604052,7015206498,7284686576,7985349731,7983271111,6512899540,6749515655
MCO,2480497548,2737066956,2574439973,2720297739,3130270919,3137848783,2840182192,2934578789,2906009308,2647883820,2671401083,2905973022,3588988601,4110348444,4280072626,4663488363,5974371696,6919241412,5557245122,5350674803,6074884389,,,,,
MNG,2379018326,1317611864,768401634,925817092,1452165005,1345719472,1180934203,1124440249,1057408589,1136896124,1267997934,1396555720,1595297356,1992066808,2523471532,3414055566,4234999823,5623216449,4583850368,7189481853,10409797610,12292770631,12582122604,12226514746,11741338841,11160356498
MNE,,,,,,,,,,984279598,1159860290,1284446123,1707678390,2073255525,2257174481,2696020575,3668857104,4519731947,4141382328,4139192053,4538198499,4087724528,4464260489,4587928884,4019889098,4173255531
MAR,32285388165,33711069431,31655473664,35604137423,39030285468,43161452678,39147844526,41806219379,41632027600,38857251336,39459581217,42236836821,52064058834,59626020162,62343022651,68640825481,79041294874,92507257784,92897320376,93216746662,101370474295,98266306615,106825649872,109881398475,100593283697,101445004813
MOZ,3263761938,2291175765,2394823062,2460670288,2521738760,3523842275,4227273069,4873242526,5302532113,5016469069,4766928747,5031510909,5597367853,6831808930,7723846195,8312078525,9366742309,11494837053,10911698208,10154238250,13131168012,14534278446,16018848991,16961127046,14798399862,11014858592
MMR,,,,,,,,,,8905066164,6477790688,6777632512,10467109978,10567354056,11986972419,14502553710,20182477481,31862554102,36906181381,49540813342,59977326086,59731122170,60132854537,65574726566,62600906116,67429590536
NAM,3012742078,3448326858,3218475900,3636645995,3942478206,3945340776,4102648720,3826527631,3818954448,3908661518,3546783708,3361251198,4931312147,6606858786,7261333795,7978734402,8740865600,8486721917,8876191121,11282192605,12409629836,13016272899,12713366873,12853963143,11491507356,10267157280
NRU,,,,,,,,,,,,,,,,,20432742,39333572,44290952,49248811,72751801,103811959,108601538,117020382,100459783,102060130
NPL,3921476085,3401211581,3660041667,4066775510,4401104418,4521580381,4918691917,4856255044,5033642384,5494252208,6007061224,6050875807,6330473097,7273938315,8130258041,9043715356,10325618017,12545438605,12854985464,16002656434,18913574371,18851513891,19271168018,20002968838,21313549579,21143873417
NLD,323320449906,358330385840,349037818106,374291430318,446528959649,445704575163,412199006099,432476116419,441975282335,412807259996,426573601790,465368906456,571863431151,650532654582,678533764457,726649102998,839419655078,936228211513,857932759100,836389937229,893757287202,828946812397,866680000367,879635084125,750318056806,770845046232
NCL,2653781596,2923764926,3070161471,3038727617,3628440275,3606968434,3291489841,3158806480,3056999988,2682347064,,,,,,,,,,,,,,,,
NZL,42745329732,41649298171,46775067751,55315342817,63918703507,70140835299,66074513018,56227169851,58761741658,52623281957,53872425917,66628222189,88250885550,103905882353,114719425473,111606899682,137314617476,133279679483,121337372728,146580949349,168461998741,176192886551,190521142196,200696291790,175564427553,185017316093
NIC,1488804124,1792800000,1756454248,3863185119,4140470000,4308351903,4389965591,4635267225,4855717875,5107329007,5323146566,5224213018,5322454926,5795568205,6321335612,6763671611,7423377429,8496965842,8298695145,8758622329,9774316692,10532001130,10982972256,11880438824,12747741540,13230844687
NER,2327986216,2344987614,1606581744,1563207225,1880803362,1987770899,1845599608,2076737357,2018193703,1798374468,1945327565,2170481509,2731416346,3052898739,3405134832,3646728060,4291363391,5403363917,5397121856,5718589799,6409169890,6942209595,7667951988,8245312137,7142951342,7508986509
NGA,27392886873,29300903643,15789003753,18086400536,28546958641,34987951375,35822342618,32004613750,35870792988,46386011231,44137994252,59116847822,67655813930,87845420504,112248353105,145429764861,166451213396,208064753766,169481317540,369062464570,411743801712,460953836444,514966287207,568498939784,481066152870,405082677660
MNP,,,,,,,,,,,,1284000000,1239000000,1210000000,1061000000,990000000,938000000,939000000,795000000,799000000,733000000,751000000,780000000,836000000,922000000,
NOR,121872464483,130838040068,120579072751,127131461120,152027402450,163517783497,161354369893,154165219812,162286003693,171315639983,174003247439,195418347153,228752436372,264357494659,308722079938,345424664369,400883873279,461946808511,386383919342,428527064663,498156756965,509704856038,522746212766,498339751389,386578443733,370556666667
OMN,11341482445,12452275683,12493107932,12918855657,13802600780,15277763329,15837451235,14085373212,15710148244,19507412224,19452015605,20142782835,21633810143,24763589077,31081924577,37215864759,42085305592,60905331599,48388296489,58641621958,67937307405,76689583317,78938585286,81034395038,69831770996,66293368010
PAK,45451960732,48635176853,51478304860,51894781282,60636022423,63320122807,62433300338,62191955814,62973855719,73952374970,72309738921,72306820396,83244801093,97977766198,109502102511,137264061106,152385716312,170077814106,168152775283,177406854515,213587413184,224383620830,231218567179,244360888751,271049886673,283659980698
PLW,83855000,82451000,75907000,83527000,95237000,108203000,113213000,117320000,113485000,149300000,160000000,163500000,159900000,175300000,193300000,194700000,196000000,198100000,186400000,183800000,199900000,214200000,228700000,250900000,287400000,293000000
PAN,7074675500,8042337700,8782585400,9365289800,9573813700,9870494000,10677286100,11575486400,12130252200,12304115000,12502013400,12994310400,13693981200,15013381700,16374393900,18141666300,20958000000,24522200000,26593500000,28917200000,34373820500,39954761200,44856189500,49165773100,52132289700,55187700000
PNG,3787352287,4377984100,4974662910,5502648500,4636113480,5155485420,4936605080,3789428160,3477060138,3521348155,3081029666,2999542369,3536459111,3927114466,4865971718,5527856839,6340673794,8000074071,8105331930,9716103409,12873049346,15391629871,15413163675,16928680397,,
PRY,6984367763,7157424031,7249533620,7870982171,9062131308,9788391733,9965225497,9024567484,8392549702,8195993231,7662595076,6325151760,6588103836,8033877360,8734653809,10646157920,13794910634,18504130753,15929902138,20030528043,25099681461,24595319574,28965906502,30881166852,27282581336,27440632934
PER,34672122381,36139225288,35158109999,44882079767,53312793687,55252414130,58147522523,55501467877,50187324568,51744749133,52030158775,54777553515,58731030122,66768703498,76060606061,88643193062,102170981144,120550599815,120822986521,147528937029,171761737047,192648999090,201217661646,201049665375,189212096470,192093512185
PHL,45417561302,52976344929,54368083953,64084460124,74119987245,82848140618,82344260571,72207025219,82995147090,81026297144,76262072022,81357602950,83908206456,91371239765,103071585463,122210719246,149359920006,174195135053,168334599538,199590774785,224143083707,250092093548,271836123724,284584522899,292774099014,304905406846
POL,85500935935,94337050693,96045645026,110803391517,142137319588,159942880457,159117799530,174388271854,169717677901,171885598583,190521263343,198680637255,217518642325,255102252843,306134635594,344826430298,429249647595,533815789474,439796160379,479321128909,528819945375,500344281382,524214789308,545151778520,477336782067,469508680416
PRT,89242382961,107602689041,95019103603,99698453261,118133634072,122629812841,117046198971,123981736420,127465545493,118358489958,121545880984,134228697534,164964195260,189187437298,197304513120,208566948940,240169336162,262007590450,243745748819,238303443425,244895101712,216368178659,226073492966,229629822122,199082291239,204564700289
PRI,32287031000,34630430000,36922456000,39690630000,42647331000,45340835000,48187039000,54086409000,57840954000,61701810000,69668635000,72546194000,75833996000,80322313000,83914521341,87276164365,89524131617,93639316000,96385638000,98381268000,100351670000,101080738000,103134778000,,,
QAT,6883516484,7646153984,7156593654,7374450769,8137911978,9059340385,11297802115,10255495027,12393131868,17759890110,17538461538,19363736264,23533791209,31734065934,44530494505,60882142857,79712087912,115270054945,97798351648,125122306346,167775274725,186833516484,198727747253,206224725275,164641483516,152468681319
ROU,28998684211,25121666667,26362894737,30074440483,37662075750,37182938696,35838588170,41976002704,36183003978,37438527800,40716836998,46174557556,59867801205,76216441462,99697566668,123533036668,171536685396,208181626901,167422949529,167998080493,185362855081,171664638717,191549024911,199493490983,177522705145,186690595273
RUS,517962962963,460290556901,435083713851,395077301248,395531066563,391719993757,404926534140,270953116950,195905767669,259708496267,306602673980,345110438692,430347770732,591016690743,764017107992,989930542279,1299705247686,1660844408500,1222643696992,1524916112079,2031768558636,2170143623038,2230625004654,2063662281005,1365865245098,1283162348133
RWA,1911600970,2029026704,1971525999,753636370,1293535011,1382334879,1851558302,1989343495,1817655328,1734938264,1674685094,1677447150,1845979299,2089188829,2581465864,3152016557,3824811913,4860576609,5379378135,5774003744,6491683832,7315702176,7622526429,8016288347,8261034258,8376048905
WSM,125597205,132303041,133122897,221098107,224865731,249908971,285475592,269481523,258833767,269019710,273088357,288078881,338838639,420320176,462644663,508505414,550967295,644143266,560967765,643056628,739777274,801152293,804816206,803574789,803976512,785916937
SMR,,,,,,,,,853373880,773907642,815205233,879957210,1122981525,1317357835,1375416604,1469000145,1687567364,1899879955,,,,,,,,
STP,,,,,,,,,,,72230284,80531992,96343906,105360802,126194166,134441117,145827430,188021169,187821029,197454053,233213523,252560557,302925490,348463458,317696179,351054248
SAU,132223268485,137087876663,132967901424,135174886501,143343036351,158662398751,165963557420,146775498093,161716960000,189514926223,184137469725,189605920241,215807655244,258742133333,328459608764,376900133511,415964509673,519796800000,429097866667,528207200000,671238840108,735974843349,746647127408,756350347320,654269902889,646438380569
SEN,5617236033,6004885321,5678827999,3877196915,4878719133,5065830414,4672503920,5030344074,5144045360,4679604754,4877602060,5333862371,6858952880,8031344381,8707015771,9358710935,11284603071,13428461874,12809044978,12937300245,14368348214,14202389642,14810978041,15308965399,13609978076,14765462631
SRB,,,,,16750000000,20948677840,24147996550,18284194680,18409364147,6540247190,12267175481,16116843146,21188704081,24861483281,26252007830,30607991862,40289556656,49259526053,42616653300,39460357731,46466728667,40742313861,45519650911,44210806366,37160332465,37745114708
SYC,374359556,433667194,473916819,486451205,508221508,503068472,562958837,608369282,622985494,614879765,622262057,697518248,705704816,839319927,919103255,1016418229,1033561654,967199594,847397850,969936525,1065826670,1134267367,1411061261,1422530792,1437722206,1427323889
SLE,779981459,679997998,768812335,911915971,870758739,941742153,850218034,672375927,669384769,635874002,1079478388,1239004288,1371442566,1431208677,1627854495,1885112202,2158496873,2505458705,2489985963,2616610911,2942546781,3801862611,4920343195,5015157816,4251779857,3668876080
SGP,45474442836,52156414979,60644572348,73777792327,87890009877,96403758865,100163995151,85707636233,86283126844,95833932715,89286208629,91941192896,97001377569,114188557567,127417688056,147797218201,179981288567,192225881688,192408387762,236421782178,275599459374,289162118909,302510668904,308142766948,296840704102,296965712342
SXM,,,,,,,,,,,,,,,,,,,,,,,,,,
SVK,14213045494,15431288006,16452201101,20079363626,25733043137,27821913815,27660149541,29828899206,30415095887,29114875622,30703017450,35083608131,46731767494,57240535138,62697540107,70596729394,86304245825,100324627215,88945625174,89501012916,98181259740,93413992956,98478349315,100760596988,87267593788,89551834323
SVN,,,,,21273055398,21480023017,20749140606,22125435372,22689994990,20342201356,20875387068,23563576758,29697448108,34470227454,36346974008,39587732029,48114688201,55589849128,50244793832,48013606745,51290792018,46258247575,47688566993,49530147016,42776716631,43990635176
SLB,320355091,378778047,410923236,464756639,519334097,565163751,567919503,471177008,482214092,435103853,400463452,341661644,332738246,375111895,413909879,456705434,516074229,608293860,597765363,671585343,886498371,1025125082,1059695156,1156563123,1129164719,1202125000
SOM,,,,,,,,,,,,,,,,,,,,,,,5352000000,5647000000,5925000000,6217000000
ZAF,123943432441,134545231417,134309759158,139752450152,155460285076,147607982695,152586154514,137774361015,136631966609,136361854808,121516070205,115482368344,175256916996,228593566165,257772710833,271638484826,299415505152,286769839733,295936485833,375349396274,416418862156,396327771011,366623856822,350850571747,317406594612,294840648284
SSD,,,,,,,,,,,,,,,,,,15550136279,12231362023,15727363443,17826697892,10368813559,13257635695,13282084034,9015221096,
ESP,575598537070,629202392004,523649481762,529121577320,612939685081,640998292395,588692045455,617041986858,633194118900,595402616547,625975838926,705145868624,906853273138,1069555500372,1157276458152,1264551499185,1479341637011,1634989014208,1499074742984,1431587612302,1488017213511,1335945712662,1361775869856,1375856057717,1192955480686,1232088185030
LKA,9000362582,9703011636,10338679636,11717604209,13029697561,13897738375,15091913884,15794972847,15656327860,16330814180,15746229582,16536535647,18881765437,20662525941,24406252457,28279814925,32350248411,40713812310,42066217872,56725745039,65292741297,68434399083,74317806755,79356456990,80611989527,81321876307
KNA,209880963,229434519,249676000,277567259,299699667,318742963,357237682,364975457,389984429,420515113,461078096,483120201,465850733,502561637,543167674,636218025,674008481,738942556,723209111,705015370,753225963,734462667,788163889,847778185,876478556,916896556
LCA,513753815,566894741,574870407,600005556,640449519,662196185,676949593,737554889,775934815,784159222,743808074,748346593,823837148,893107222,951207370,1062617148,1150526259,1187075815,1180949889,1241892815,1280623889,1298815407,1318052185,1386188630,1431135704,1378627407
MAF,,,,,,,,,,,,,,,,,,,,,,,,,,
VCT,254829630,277954111,286307815,289438481,316008481,331489704,347770000,373619852,390719148,396270000,430040370,461883444,481806296,521975111,550728667,610930044,651833315,695428852,674922481,681225963,676129407,692933741,721207148,727912815,737683556,770796556
SDN,11379222222,7034219713,8881785938,12794192334,13829744879,9018243044,11681494637,11250327988,10682045258,12257418326,13182979784,14803189093,17646503525,21457470203,26524538566,35822408612,45898948564,54526580232,53150209168,65634109237,67327289320,68125631150,72065940086,82151588419,97156119150,95584380032
SUR,448300000,404600000,428794118,605492537,693970588,860630923,929607500,945000000,885444186,892164394,763465550,1078402128,1271196078,1484092538,1793754805,2626380435,2936612022,3532969035,3875409836,4368398048,4422276622,4980000000,5145757576,5240606061,4878731707,3620699735
SWZ,1156141998,1284766234,1357206996,1419293455,1698982438,1602760100,1716699913,1576904292,1547884442,1738100848,1542477355,1432228173,2197612761,2770082815,3178126548,3291353813,3469363931,3294093360,3580417157,4438778554,4820499498,4807282468,4575596301,4486261555,4137638727,3727303664
SWE,270362531377,280312318915,209950792713,226079963712,264051981551,288103936773,264477727279,266800462899,270847937645,259802012617,239917320967,263926220333,331108912605,381705425302,389042298377,420032121656,487816328342,513965650650,429657033108,488377689565,563109663291,543880647757,578742001488,573817719109,495694356612,510999796582
CHE,260459896583,271133679206,263691005482,291913801053,341759012939,329619351052,286604024805,294977518761,289884127679,271659728209,278628772873,301127808995,351982634291,393541693928,407535656039,429195591243,477407802316,551546962700,539528229942,581208562423,696278717728,665054050621,684835034384,702705544909,670789928810,659827235194
SYR,12981833333,13253565899,13695962019,10122020000,11396706587,13789560878,14505233969,15200846138,15873875969,19325894913,21099833784,21582248882,21828144686,25086930693,28858965517,33332844575,40405006007,,,,,,,,,
TJK,2534720480,1909246641,1646693642,1346074611,1231523035,1043893063,921843144,1320126706,1086567378,860550306,1080774007,1221113780,1554125531,2076148696,2312319579,2830236054,3719497371,5161336170,4979481980,5642178580,6522732203,7633049792,8506674783,9236309138,7853450374,6951657159
TZA,4956588279,4601413264,4257702197,4510846968,5255221425,6496195451,7683852497,9345174219,9697847264,10185786383,10383560603,10805599893,11659129889,12825801581,16929976600,18610460327,21501741757,27368386358,28573777052,31407908612,33878631649,39087748240,44333456245,48197218327,45628247290,47431038892
THA,98234695722,111452869378,128889832383,146683499006,169278552851,183035154107,150180268649,113675706127,126668932160,126392308498,120296746257,134300851255,152280653544,172895476153,189318499954,221758486880,262942650544,291383081232,281710095725,341105009515,370818747397,397559992407,420528737877,406521561093,399234547137,406839679302
TLS,,,,,,,,,,368000000,452000000,444000000,453000000,466000000,491000000,463000000,559000000,694000000,827000000,943000000,1148000000,1293000000,1312000000,1399000000,1441718600,
TGO,1602299863,1692959110,1233496846,982624325,1309382885,1465448290,1498950899,1587345951,1576094566,1294250233,1332328999,1474630207,1673690430,1937074572,2115154262,2202809251,2523462557,3163416242,3163000529,3172945645,3756023160,3866617463,4080929201,4482880424,4087628276,4399995987
TON,132201141,137066291,138489884,193775943,202547014,219583570,212155125,188686997,196686675,202363492,181244788,182737040,202543202,229358215,262176134,294137737,300143057,349459649,318151987,369435481,423015938,472441383,449387934,443475142,435430325,395159629
TTO,5307905882,5439552941,4669488516,4947205860,5329214163,5759537726,5737751332,6043694330,6808982521,8154338233,8824873259,9008273721,11305459802,13280275123,15982282462,18369070085,21642304046,27870257894,19175196446,22157948396,25433011405,25694164489,26436221401,26175906133,23559287484,20989155540
TUN,13074782609,15497286296,14608946896,15632463424,18030876599,19587322786,20746360430,21803372267,22943685719,21473188882,22066101341,23142294436,27453084983,31183139301,32273007554,34378437265,38908069299,44856586316,43454935940,44050929160,45810626509,45044176964,46255308672,47603227897,43156606852,42062549395
TUR,150027833333,158459130435,180169736364,130690172297,169485941048,181475555283,189834649111,275768695819,255884300382,272979390595,200254104151,238423907923,311825946795,404776328438,501422832614,552504962256,675754121015,764322933265,644656538878,771876943466,832546462300,873981840596,950595641012,934167774215,859383637729,857748989288
TKM,3208098919,3200539816,3179225949,2561118608,2482228440,2379281768,2450084970,2605688065,2450686660,2904662605,3534771969,4462028989,5977440583,6838351088,8104355717,10277598152,12664165103,19271523179,20214385965,22583157895,29233333333,35164210526,39197543860,43524210526,35799628571,36179885714
TCA,,,,,,,,,,,,,,,,,,,,,,,,,,
TUV,9365166,9742949,9630763,10886826,11025945,12334846,12700905,12757633,13687141,13742057,13196545,15450994,18231079,21534932,21839099,22902861,27030374,30290220,27101076,31823519,39312017,39875751,38322360,37259690,32673278,34218878
UGA,3321729057,2857457860,3220439044,3990430447,5755818947,6044585327,6269333313,6584815847,5998563258,6193246837,5840503869,6178563591,6336696289,7940362799,9013834373,9942597780,12292813603,14239026630,21203769125,20179411063,20508595015,23516083900,24879053947,27927875336,27856380083,25527910091
UKR,77464561150,73942235330,65648559903,52549555149,48213868178,44558077827,50150399792,41883241472,31580639045,31261527363,38009344577,42392896031,50132953288,64883060726,86142018069,107753069307,142719009901,179992405832,117227769792,136013155905,163159671670,175781379051,183310146378,133503411376,91030959455,93270479389
ARE,51552165622,54239171888,55625170253,59305093980,65743666576,73571233996,78839008445,75674336283,84445473111,104337372362,103311640572,109816201498,124346358067,147824370320,180617018380,222116541865,257916133424,315474615739,253547358747,289880430197,350908390046,374817974113,390427289211,403197682888,357949199760,348743265715
GBR,1142797178131,1179659529660,1061388722256,1140489745944,1320255641471,1392979719189,1537090700720,1623564094071,1652167933991,1635441065214,1613034403340,1757571942446,2028488163265,2389004027829,2508103636364,2678277828887,3063005202081,2875463235294,2367127278392,2429680444513,2608824654244,2646002634060,2719509472493,2998833559196,2861090726740,2618885692029
USA,6174043000000,6539299000000,6878718000000,7308755000000,7664060000000,8100201000000,8608515000000,9089168000000,9660624000000,10284779000000,10621824000000,10977514000000,11510670000000,12274928000000,13093726000000,13855888000000,14477635000000,14718582000000,14418739000000,14964372000000,15517926000000,16155255000000,16691517000000,17393103000000,18036648000000,18569100000000
URY,11206193313,12878157306,15002144584,17474578502,19297663097,20515465834,23969746850,25385928198,23983945191,22823255802,20898788417,13606494599,12045631093,13686329890,17362857684,19579457966,23410572622,30366213095,31660911290,40284481662,47962439293,51264390121,57531233351,57236013078,53274304215,52419720714
UZB,13677622222,12941297376,13099013836,12899156991,13350468917,13948892216,14744603774,14988971211,17078465982,13760374488,11401351420,9687951055,10128112401,12030023548,14307509839,17330833853,22311393928,29549438884,33689223673,39332770929,45915191189,51821573338,57690453461,63067077179,66903804143,67220335570
VUT,188869986,196142585,188080374,219260341,233902115,245177633,255890222,262301253,267999225,272014693,257926882,262603782,314463144,364996869,394962552,439376794,526428310,607958616,610066629,700804286,792149701,781702874,801787556,814954307,742432131,773502896
VEN,51749026408,58450099415,58124193833,56531046465,74906532240,68263823149,85843534589,91331203433,97976886247,117140723529,122903960205,92893587734,83620628582,112453382330,145510008135,183477522124,230364012576,315953388511,329787628928,393190682070,316482190800,381286237848,371006299120,,,
VNM,9613369548,9866990092,13180953966,16286434068,20736163924,24657470353,26843701147,27209601996,28683657995,33640085739,35291349197,37947904054,42717072869,49424107710,57633255618,66371664817,77414425532,99130304099,106014601171,115931749697,135539487317,155820001920,171222025117,186204652922,193241108710,202615893444
VIR,1671200000,1770899968,1996000000,,,,,,,,,3269000000,3453000000,3799000000,4439000000,4504000000,4803000000,4250000000,4203000000,4339000000,4239000000,4095000000,3764000000,3624000000,3765000000,
PSE,,,,2843300000,3282800000,3409600000,3759800000,4067800000,4271200000,4313600000,4003700000,3555800000,3968000000,4329200000,4831800000,4910100000,5505800000,6673500000,7268200000,8913100000,10465400000,11279400000,12476000000,12715600000,12673000000,13397100000
YEM,5930370370,6463649985,5368270615,4167356037,4258788725,5785685311,6839039030,6325219773,7641101221,9636342275,9854042165,10693278292,11777768087,13873500888,16753769532,19081722875,21656517484,26910851362,25130274124,30906749533,32726417878,35401339869,40415233436,43228583935,37733919936,27317605346
ZMB,3378882353,3181921788,3273237853,3656647744,3807067122,3597220962,4303281932,3537683046,3404311977,3600683040,4094480988,4193845678,4901839731,6221077675,8331870169,12756858899,14056957976,17910858638,15328342304,20265556274,23460098340,25503370699,28045460442,27150630607,21154394546,19551093303
ZWE,8641481700,6751472200,6563813300,6890675000,7111270700,8553146600,8529571600,6401968200,6858013100,6689957600,6777384700,6342116400,5727591800,5805598400,5755215200,5443896500,5291950100,4415702800,8366794000,10052045200,12071733500,14058378300,15223528900,15834069900,16072380200,16289212000
Total,23909829106075,25389800980622,25834735037940,27740746941931,30840585358590,31518975357770,31403319223791,31314851252939,32486113873035,33543172517933,33335981796638,34612407548364,38867460637801,43770743999115,47385623695561,51306757202149,57793330573298,63386360636271,60086989443247,65906150720610,73241717918436,74802287630429,76924649544656,78870119013703,74509719336394,75543542614449
